run_name,epoch10,epoch20,improvement
mae_binary_bs64x3_ep20,21.211111068725586,21.211111068725586,0.0
mae_binary_bs64x3_ep10,5.139999866485596,5.139999866485596,0.0
